Project Code,QTY of TC parts,Description,Business Unit
,,,
2094,0,SUMO SOFT [Project Code :2094],PVBU
2597,0,TATA WAGONEER 2.7T GVW [Project Code :2597],PVBU
2658,0,TATAESTATE [Project Code :2658],PVBU
2660,0,TATA SIERRA 4X4 VEHICLE [Project Code :2660],PVBU
2678,0,SHELL W/FITMENTS FOR TATA MINI CAR(IDEAS [Project Code :2678],PVBU
2695,0,TATA MIDI CAR [Project Code :2695],PVBU
2697,0,207PICKUP W/VW ENGINE [Project Code :2697],PVBU
2699,0,TATA SAFARI-DOMESTIC [Project Code :2699],PVBU
2702,0,TATA INDICA [Project Code :2702],PVBU
2704,0,TATA SUMO 4X4 VEHICLE [Project Code :2704],PVBU
2716,0,SUMO EX [Project Code :2716],PVBU
2717,0,SUMO EX -4x4 [Project Code :2717],PVBU
2718,0,… [Project Code :2718],PVBU
2719,0,TATA SAFARI -EXPORT [Project Code :2719],PVBU
2744,0,SHELL W/FITMENTS FOR TATA MINI CAR(TELCO [Project Code :2744],PVBU
2775,0,INDIGO MARINA [Project Code :2775],PVBU
2779,0,TATA INDIGO [Project Code :2779],PVBU
2810,0,PSA-T53 MIDSIZE SEDAN VEHICLE [Project Code :2810],PVBU
2820,0,INDICA 2002 [Project Code :2820],PVBU
2823,0,NEW SUMO 4X2 [Project Code :2823],PVBU
2827,0,TATA SUMO (CONTINUATION OF BARREL 2698 ) [Project Code :2827],PVBU
2828,0,Tata Indica Sport vehicle [Project Code :2828],PVBU
2834,0,SMALL CAR (X3) T [Project Code :2834],PVBU
2842,0,INDICA-DKDR [Project Code :22842],PVBU
2843,0,INDICA (FACE LIFT) [Project Code :2843],PVBU
2844,0,SHELL WITH FITMENT FOR TATA INDICA(DKDR) [Project Code :2844],PVBU
2868,0,INDICA FACE LIFT-II [Project Code :2868],PVBU
2869,0,INDIGO MARINA FACE LIFT [Project Code :2869],PVBU
2870,1,Urban Utility Vehicles( UUV)-X2-DOMESTIC [Project Code :2870],PVBU
2871,0,NEW INDICA (X1) [Project Code :2871],PVBU
2872,0,INDICA EURO IV (MPFI / DICR ) [Project Code :2872],PVBU
2873,0,STRETCHED INDIGO [Project Code :2873],PVBU
2874,0,NEW INDICA SEDAN  [Project Code :2874],PVBU
2886,0,TATA SUMO ( CONTINUATION OF 2827)  [Project Code :2886],PVBU
2887,0,TATA SAFARI-DOMESTIC ( CONT.OF 2699)  [Project Code :2887],PVBU
2888,0,TATA SAFARI-EXPORT(CONT.OF 2719)  [Project Code :2888],PVBU
2889,0,INDIGO FACELIFT,PVBU
2893,0,NEW SUMO (NEW UTILITY VEHICLE),PVBU
2895,0,NEW SUMO (ALLIANCE WITH CONCEPT GROUP),PVBU
2912,0,Dummy No Groups to be created for this Project,PVBU
2913,0,Dummy No Groups to be created for this Project,PVBU
2916,0,Dummy No Groups to be created for this Project,PVBU
2956,0,Advanced Product Creation,PVBU
3122,0,…,PVBU
3172,0,dummy,PVBU
3522,0,dummy,PVBU
4444,0,XENON TMETC RHD 2.2 DICOR EURO IV EDS SYSTEM,PVBU
5123,3,NEXON EV,PVBU
5401,0,INDIGO SHORTER LENGTH(3990),PVBU
5402,0,INDICA FACE LIFT(EXTN.OF 2843),PVBU
5403,1,CROSSOVER-X2 PROJECT EXPORT,PVBU
5404,0,DOLPHIN-AMALGAM,PVBU
5405,0,MINI CAR PETROL-990cc DIESEL-800cc,PVBU
5406,0,NEW INDICA MPV,PVBU
5407,0,SAFARI 18 (DOMESTIC)MAJOR FACE LIFT,PVBU
5408,0,SAFARI 18 (EXPORT)MAJOR FACE LIFT,PVBU
5409,0,"WORLD CAR NANO PLATFORM 2CYL624CC,PETROL",PVBU
5410,0,"WORLD CAR NANO PLATFORM,2CYL800CC DIESEL",PVBU
5411,0,INDICA ELECTRIC,PVBU
5412,19,NEW SUV,PVBU
5413,0,X0 - (SUPPORT) QUALITY IMPROVEMENT & WARRANTY PROJECT,PVBU
5414,0,INDICA VISTA EV(ELECTRIC) GLIDER,PVBU
5415,0,INDICA VISTA EURO-IV & EURO V(EXTENSION OF PROJECT 2871),PVBU
5416,0,UUV(EQUUS PLATFORM)MONOCOQUE BODY,PVBU
5417,0,NEW SUV WITH 5 SEATER-EQUUS PLATFORM,PVBU
5418,0,'PRIMA'SEDAN CAR D-SEGMENT,PVBU
5419,0,INDICA VISTA EV(ELECTRIC VEHICLE)COMPLETE VEHICLE,PVBU
5420,0,'GRANDARIA'-GRANDE-MKII ON ARIA ROLLING CHASSIS+EXTENSION OF GRANDE MK-II(2895),PVBU
5421,0,INDIGO MANZA (CONTINUATION OF 2874),PVBU
5422,0,INDICA VISTA COMPACT SEDAN,PVBU
5423,0,FALCON CAR WITH PLASTIC MATERIAL,PVBU
5424,17,KITE 4,PVBU
5425,4,KITE 5,PVBU
5426,0,MANZA HYBRID,PVBU
5427,0,"VISTA FACE LIFT WITH NEW POWERTRAIN, AGGREGATES, PANELS ETC",PVBU
5428,0,Raptor,PVBU
5429,0,INDICA FACE LIFT (EXTENSION OF 2843 & 5402),PVBU
5430,0,"NANO EUROPA 3 DOOR WITH 3 CYL, 373 : 986cc MPFI GASOLINE ENGINE",PVBU
5432,0,INDICA FACELIFT (CONTINUATION OF 5402),PVBU
5433,0,"NANO WITH 2 CYL, 800cc, DICOR DIESEL & 373 : 986cc MPFI GASOLINE ENGINES",PVBU
5434,0,"SUMO VICTA, VICTA DI, SUMO GOLD (CONTINUATION OF 5511)",PVBU
5435,0,ELECTRIC MOBILITY VEHICLE 'eMO',PVBU
5436,0,AMP HATCH CAR,PVBU
5437,0,NANO-JAYEM,PVBU
5438,33,NEW CAR ON X1 PLATFORM,PVBU
5439,0,CUV+2,PVBU
5440,0,TATA BOLT XMS 1.2RT 90PS BS4,PVBU
5441,0,AMP CAR (X431),PVBU
5442,15,AMP CAR (X451),PVBU
5443,0,INDICA VISTA FACELIFT (CONTINUATION OF 5415),PVBU
5444,0,ENTRY LEVEL HATCH,PVBU
5445,15,HORNBILL X-445,PVBU
5446,54,Q-502,PVBU
5447,0,ADVANCED MODULAR PLATFORM (AMP),PVBU
5448,0,REEV X-451,PVBU
5449,0,ZEST XMS 1.2 RT,PVBU
5450,0,ADVANCED MODULAR PLATFORM,PVBU
5451,0,Tiago Sports,PVBU
5452,0,Tiago Electric vehicle,PVBU
5453,0,Tigor Sports,PVBU
5455,0,PEREGRINE-X452,PVBU
5511,0,SUMO VICTA-CONTINUATION 2823-SUMO VICTA,PVBU
5728,0,273 MPFI GASOLINE ENGINE BY JAYEM AUTO,PVBU
5729,0,Q501/Q502,PVBU
5730,0,"1L(3CYL)TCIC GASOLINE ENGINE,MANUAL TRANSMISSION,BS-IV IOBD EMISSION",PVBU
5738,0,"1.2 L, Gasoline, Naturally Aspirated, 3 cylinder, Opposed Piston Engine Demonstrator",PVBU
5739,0,1.6L NG ENGINE,PVBU
5763,0,"986cc, TWIN CAM VVT GASOLINE NA ENGINE - TECHNO DEMONSTRATOR",PVBU
5832,0,REAR AXLE RAB-1014,PVBU
5833,0,CLUTCH - DIA 250 AND DIA 260,PVBU
5835,0,TRANSAXLE TA5200,PVBU
5838,0,VULCAN DUAL CLUTCH TRANSMISSION (DCT),PVBU
5840,0,TA5120 - 5 SPEED TRANSAXLE,PVBU
5842,0,Dual Clutch Transmission- Punch,PVBU
9002,0,TMETC CONCEPTS / PROPOSALS,PVBU
H204,0,TDCV,PVBU
2001,0,"PRODUCTION DEVIATION DRGS, PUNE",CVBU
2009,0,DUMPER 10 T 3 AXLE,CVBU
2010,0,DUMPER 3.5 CU M,CVBU
2011,0,TIPPER COAL CARRIER 10 CU M/12CU M,CVBU
2012,0,DUMPER/PLACER 5.5T,CVBU
2013,0,TANKER PETROL 16000 LTRS,CVBU
2014,0,CARRIER GARBAGE 14 CU M.,CVBU
2015,0,LPO 1210A/53 BUS-POWER STEERING,CVBU
2016,0,DUMPER 4 CU.M,CVBU
2017,0,DUMPER 10T 2 AXLE,CVBU
2018,0,THREE AXLE CHASSIS,CVBU
2019,0,"TIPPER 4.25 CU, M/5 CU.M",CVBU
2020,0,FORK LIFT TRUCK 5T SOLID TYRE,CVBU
2025,0,FORK LIFT TRUCK 5T SOLID TYRE FLUIDDRIVE,CVBU
2026,0,FORK LIFT TRUCK 5T PNEU.TYRE,CVBU
2030,0,DUMPER 4.5CU.M,CVBU
2031,0,TIPPER 8CU.M,CVBU
2033,0,TANKER PETROL 12000 LITERS,CVBU
2034,0,CARRIER CEMENT 9CU.M,CVBU
2035,0,CARRIER GARBAGE 8CU.M,CVBU
2036,0,WATER SPRINKLER 10000 LITERS,CVBU
2050,0,PRODUCTION DEVIATION DRAWINGS JSR,CVBU
2060,0,MODIFICATIONS LP/SFC(AND ALSO TPL NO.),CVBU
2062,0,DUMPER/TIPPER BODY.,CVBU
2064,0,909 WITH TILT CAB/COWL,CVBU
2066,0,NEW SFC CAB FOR CUMMINS VEHICLES,CVBU
2067,0,1613TC WITH 6BT CUMMINS ENGINE & GB40,CVBU
2068,0,LPO 1316,CVBU
2070,0,LPO1510 WITH 697 ENGINE.,CVBU
2071,0,LP/LPO COWL FOR TC VEHICLE.,CVBU
2073,0,LPO 1512TC WITH 6BT CUMMINS ENGINE,CVBU
2074,0,LPT1613TC WITH 6BT CUMMINS ENG.GBS40,CVBU
2075,0,SFC CAB FOR VEHICLES WITH CUMMINS ENG.,CVBU
2077,0,LPT 2516 PIPELINES(JSR),CVBU
2078,0,SE 1615TC WITH EXISTING CAB,CVBU
2079,0,SE 1821TC WITH EXISTING CAB,CVBU
2080,1,LPS3516TC,CVBU
2081,0,"SE1615TC WITH NEW CAB,6BT CUM.ENG.",CVBU
2082,0,LPS4018/32 TC EII,CVBU
2083,0,NEW FACE CAB/COWL FOR CUMMINS VEHICLE,CVBU
2084,0,SFC COWL FOR VEHICLES WITH CUMMINS ENG.,CVBU
2086,0,1210SA 4X4 TIPPER,CVBU
2087,0,"LP/LPT WITH 6BT CUM.ENG.,NEW FACE",CVBU
2088,0,LPO 1613TC(BEST),CVBU
2089,0,LPT 2513TC WITH 6BT CUMMINS ENG.,CVBU
2090,0,VEHICLE SPECIFICATIONS,CVBU
2091,0,LPO 1621TC WITH 1210 FACE,CVBU
2092,0,911 WITH TILT CAB / WITH COWL,CVBU
2093,0,LP/LPT 1009 VEH.WITH TILT CAB,CVBU
2097,0,SA 1212TC-4X4,CVBU
2098,0,SD 1012TC-4X4,CVBU
2099,0,SD1015TC-4X4,CVBU
2150,0,LPO 916TC-FOR SOUTH AFRICA,CVBU
2151,0,SD1015TC FAT ROLE - ARMY VEHICLE,CVBU
2152,0,SD1015TC,CVBU
2153,1,LP/LPT 1109 VEHICLE,CVBU
2154,0,LPTA 713TC VEHICLE WITH 6BT CUMMINS ENG.,CVBU
2155,0,NEW LOOK SFC CAB-MARK II FOR CUMMINS ENG,CVBU
2156,0,LP1111 VEH WITH 697NA(CMVR 2000) ENGINE,CVBU
2158,0,LP/LPT 1113 WITH 697 NA ENGINE,CVBU
2159,0,LPO/LP/LPT COWL and CAB,CVBU
2160,0,LPTA 1615 TC/42 - 4X4,CVBU
2161,0,LP/LPT 1109 CAB & COWL,CVBU
2162,0,LPT1413TC,CVBU
2163,0,LPO 1616 TC-12M BUS,CVBU
2164,0,SFC 1109 / 36 & 32,CVBU
2165,0,LPO 1513 BUS WITH 697 TC,CVBU
2166,0,LPO1616TC-RE BUS WITH ST.LG.MEMBER FRAME,CVBU
2167,0,LPK 2518 TC 6X4,CVBU
2168,0,LPO1610 RE BUS,CVBU
2169,0,LP/LPO 1510TC WITH CUMMINS ENGINE,CVBU
2170,0,iINTEGRAL HEAVY COMMERCIAL BUS,CVBU
2171,0,LPK 2516 TC - 6X4,CVBU
2172,0,TATA SE 1623 TC TRUCK,CVBU
2173,0,LPK 2530 TC,CVBU
2174,0,LPT 1615 4X2 TC LOAD BODY,CVBU
2175,0,LPK 2530 TC - 6X4,CVBU
2176,0,LPT 2530 TC,CVBU
2177,0,SK 1613 CMVR TIPPER,CVBU
2178,0,LPT 1623TC,CVBU
2179,0,LPT 1116,CVBU
2180,0,LPO 1615 TC - SLF BUS,CVBU
2181,0,SK1618TC,CVBU
2182,0,LPK 1618TC,CVBU
2183,0,LPO 1623TC-CNG BUS,CVBU
2184,0,LPK 2521 TC,CVBU
2185,0,LPO 918/42 RHD,CVBU
2186,0,High Capacity Bus-LPO1623CNG,CVBU
2187,0,SE1613 TRUCK,CVBU
2188,0,LPO 1313 (697 CMVR) VEHICLE,CVBU
2189,0,LPK 1615 TC WITH CUMMINS ENGINE,CVBU
2190,0,LPT 1112/36/42 WITH 497TC(BS-III),CVBU
2191,0,LPO 1616 TC/55/RE/DIESEL/LOW FLOOR,CVBU
2192,0,LPO 1515 with 697 TCIC (BS-III)engine,CVBU
2193,0,NOVUS VEHICLE - LPK 2530 TC,CVBU
2194,0,SE/SK 1615 BS-III,CVBU
2195,0,697 ENGINE FOR JSR RELEASE,CVBU
2196,1,LPO1512 WITH 497BSIII ENGINE,CVBU
2197,0,LPO 1612TC RE BUS,CVBU
2198,0,LPTA715TC 4X4 BSII,CVBU
2199,0,LPS 4930 TC 6X4 NOVUS,CVBU
2201,0,LPTA1413TC 4X4 BSII TROOP CARRIER,CVBU
2202,0,LPK1613 TCIC697 WITH 709 N/SLPR TILT CAB,CVBU
2203,0,TILT CAB 709 TYPE FOR HCV,CVBU
2204,0,LPS 4018 WITH 697 TCIC BS-II,CVBU
2205,0,LPS-4930 TRACTOR,CVBU
2206,0,LPK2516 697/709 TILT CAB,CVBU
2207,0,LPK 2523 TC 6X4,CVBU
2208,0,LPS 4018TC BS-II WITH 697 ENGINE,CVBU
2209,0,LP 1515 TC/40WB ARMOURED BUS,CVBU
2211,0,LPTA1623 LOAD BODY,CVBU
2212,0,LOAD BODY FOR LPT-2515,CVBU
2213,0,LOAD BODY FOR LPT-1613,CVBU
2214,0,HIGHDECK LOADBODY LPT-3127/62 WORLD TRK,CVBU
2215,0,HIGHDECK LOADBODY LPT-3127/71 WORLDTRUCK,CVBU
2216,0,LPT 1116-697 TCIC BSII,CVBU
2217,0,TRAILER & TRAILER SPARES FOR TRUCKS,CVBU
2218,0,LPO 1316/55 (697) BS-II Weveller Suspenn,CVBU
2219,0,LOAD BODY FOR LPT 3118,CVBU
2220,0,CASSPIR (697 BS-II) MPV,CVBU
2221,0,SE/SK 1616 BS-II,CVBU
2222,0,"LPK 1616,697 ENG/709 TILT CAB",CVBU
2224,0,LPTA 1418 TC 4X4 BS-III,CVBU
2225,0,LPTA 1627 TC 4X4 BS-III,CVBU
2226,0,LPTA 1627 TC 6X6 BS-III,CVBU
2227,0,TIPPER BODY FOR MCV & HCV  TIPPER BODY FOR MCV & HCV,CVBU
2228,0,LOAD BOBY FOR LCV,CVBU
2229,0,LOAD BODIES FOR Y1 VEHICLES,CVBU
2231,0,MODULAR LOAD BODIES FOR MILITARY APPLICATION,CVBU
2234,0,LP/LPO 1621-C,CVBU
2235,0,LPS 4021-C WITH CUMMINS ISBe ENGINE ON CURRENT PLATFORM HCV,CVBU
2236,0,PRIMA 3130K WORLD TRUCK WITH 8L TATA NEW GEN ENGINE,CVBU
2238,0,PRIMA Lx 3118-C WITH CUMMINS ENGINE ISBe 5.9 LCCR,CVBU
2239,0,LPT 3121 5L BS4 SIGNA WITH AC RA109RR 10R20,CVBU
2240,0,LPT 3721 5L BS4 SIGNA WITH AC RA109RR 10R20,CVBU
2241,0,LPT2521 5L BS4 SIGNA WITH AC RA109RR,CVBU
2550,0,FORK LIFT 8000KG PNEU.TYRE,CVBU
2551,0,FORK LIFT 10000KG PNEU.TYRE,CVBU
2553,0,CRANE MOBILE 7000/4000kg,CVBU
2554,0,FRONT END LOADER HIGH LIFT,CVBU
2555,0,"TRACTOR,INDUSTRIAL",CVBU
2556,0,FORK LIFT 5000KG PNE/SOLID TYRE,CVBU
2557,0,COAL CARRIER 8CU.M LPTK 1210/36,CVBU
2558,0,TIPPER BOX 4.5CU.M LPTK 1210/32,CVBU
2559,0,TIPPER SCOOP 4.5CU.M LPTK 1210/32,CVBU
2560,0,TIPPER SCOOP 4.5CU.M MKII (TWIN CYL.),CVBU
2561,0,TIPPER 8CU.M MKII (TWIN RAM),CVBU
2562,0,TIPPER BOX 4.5CU.M MKII (TWIN RAM),CVBU
2563,0,TIPPER BOX TYPE ON 1210SE/32,CVBU
2564,0,TIPPER BOX 4.5/6CU.M SK1210/36(960 O/H),CVBU
2565,0,TIPPER SCOOP TYPE ON 1210SE/32,CVBU
2566,0,SAK 1210,CVBU
2567,0,TIPPER BOX/COAL CARRIER ON 1210SE/36,CVBU
2568,0,DUMPER BOX TYPE HEAVY SK 1210/32 OR 36,CVBU
2569,0,312 LP MINI-BUS (P.C.ENGINE),CVBU
2570,0,SPEED LOADER (TRUCK MOUNTED CRANE),CVBU
2571,0,"LPO 1210D/47, LPO 1210D/55 (PUNE PROJ.)",CVBU
2573,0,LP1210 VEHICLE MODIFICATIONS,CVBU
2574,0,1210SE/SFC VEHICLE,CVBU
2575,0,1312 LP/LPT VEHICLE,CVBU
2576,0,1516 VEHICLE,CVBU
2577,0,"LPO1210/53,47,PUNE RELEASE,JSR. PRODN.",CVBU
2578,0,GARBAGE CARR.8CU.M LPTK1210D/36-42MALAY.,CVBU
2579,0,COAL CARRIER 8CU.M (TWIN RAM)LPK1210D/36,CVBU
2580,0,VEHICLE VH5,CVBU
2581,0,"1210 LAP/36,LAPK/36,LAPK/36,LAPK42MALASIA",CVBU
2582,0,MODIFICATIONS IN 312,CVBU
2583,0,TANKER PETROL 1210S/42,CVBU
2584,0,TANKER MILK 1210S/42,CVBU
2585,0,VAN MILK 1210S/42,CVBU
2586,0,1210 3AXLE PLATFORM VEH.1210S/42 &17,CVBU
2587,0,SEMI-TRAILER TRACTOR SS1210/32,CVBU
2588,0,SEMI-TRAILER TRACTOR LPS1210/32,CVBU
2589,0,VEHICLE LIGHT 5TONNER,CVBU
2591,24,LPO (1210FACE) COWL TO SUIT CUMMINS ENG,CVBU
2592,0,LP1210 COWL F/CUMMINS 6BT ENGINE 125PS,CVBU
2593,0,DUMPER/PLACER 5CU.M SK1210/36,CVBU
2594,0,TIPPER -BOX 6CU.M.-LPK1516/32 & 36 WB,CVBU
2595,0,"DUMPER HEAVY 6CU.M-1210SK/36,BOX/SCOOP",CVBU
2596,0,VEHICLE LIGHT 3TONNER,CVBU
2598,0,TIPPER SCOOP 6CU.M LPK1516/32 & 36,CVBU
2599,0,SEMI TRAILOR FOR LPS 1516,CVBU
2600,0,1516/1616 RE BUS,CVBU
2601,0,LPO 1516,CVBU
2603,0,LPK1516 COAL CARRIER/BOX TYPE TIPPER,CVBU
2604,0,VEH 807 LP,CVBU
2606,0,2516 6X4 VEHICLE W/HIGH TORQUE ENGINE,CVBU
2607,0,1312 RE BUS W/695 DI ENGINE,CVBU
2608,0,1313RE BUS WITH 697NA ENGINE,CVBU
2609,0,1312 LPO BUS,CVBU
2610,0,807 VEH.WITH 495NA ENG.(F/DENIS TPL ONL),CVBU
2611,0,TIPPER SCOOP TYPE ON 1210SE/36,CVBU
2612,0,807 P VEHICLE,CVBU
2613,0,TIPPER COAL CARRIER ON 1210SE/42,CVBU
2614,0,713-4X4 WITH 697NA ENGINE,CVBU
2615,0,TIPPER SCOOP-COAL CARRIER LPK1516/36,CVBU
2616,0,"1312 LPO, 1312/51-6X2 F VEHICLE",CVBU
2617,0,2416-6x2/6X4 - 4SPRING,CVBU
2618,0,1510 VEHICLE,CVBU
2619,0,2316 LPK 6X4 SCOOP TYPE TIPPER,CVBU
2620,0,2313 VEHICLE 6X2/6X4-4SPRING VEHICLE,CVBU
2621,0,909/911 -WITH 697 NA ENGINE,CVBU
2622,0,807 TURBO WITH 497 TURBO ENGINE,CVBU
2623,0,SA 1313,CVBU
2624,0,813 VEHICLE,CVBU
2625,0,1313 VEHICLE WITH 697 NA ENGINE,CVBU
2626,0,1210LPO/60 LOWERED ENGINE (695 DI),CVBU
2627,0,1612 VEHICLE,CVBU
2628,0,SK/LPK 1613 TIPPERS WITH 1210 FACE,CVBU
2629,0,1510 RE BUS,CVBU
2630,0,1613-VEHICLE WITH 1516 AXLES,CVBU
2631,0,1616 VEHICLE,CVBU
2632,0,"1613 WITH 1210 FACE (SFC,LPT and LPS)",CVBU
2633,0,1316 RE BUS -MALAYASIA,CVBU
2634,0,1316 VEHICLE (MALAYSIA),CVBU
2635,0,TIPPER AGGREGATES ON 1510 CHASSIS.,CVBU
2636,0,1210SD/36 FAT ROLE,CVBU
2637,0,SA1210/SA1313 (WITH 697 NA ENGINE),CVBU
2638,0,1516 4X4 VEHICLE,CVBU
2639,0,713-4X4 W/697NA ENG. (FOR DENIS TPL ONL),CVBU
2640,0,"608 VEHICLE,SFC",CVBU
2641,6,609/709 LP/LPT VEHICLE,CVBU
2642,0,809 LP/LPT,CVBU
2643,0,LP/LPT 613 VEH.WITH 697 NA ENGINE,CVBU
2644,0,SFC 609 VEHICLE,CVBU
2645,0,1210LP/LPO/LPT W/ST.FRAME(UNIFORM C/S),CVBU
2646,0,"1210SD W/697 TURBO 5T PAYLOAD,SD1315",CVBU
2647,0,SFC 709 VEHICLE,CVBU
2648,0,SD1210/SA1210/SD1313 VEHICLE,CVBU
2649,0,"407 FOR FRANCE (WITHDRAWN,USE 2651)",CVBU
2650,0,VEHICLE LIGHT PROJECT X (W/4SP ENGINE),CVBU
2651,0,407-(4x2) VEHICLE(407S),CVBU
2652,0,307/406/407/410 (continuation of 2651),CVBU
2653,0,TATA MOBILE 4X4 VEHICLE,CVBU
2654,4,TATAMOBILE- 207(CONTD. WITH BARREL 2826),CVBU
2655,0,CONCEPT VEHICLE WITH 4SP ENGINE,CVBU
2656,0,407-TURBO,CVBU
2657,0,407-(4x4/4X2) VEH. FOR ARMY,CVBU
2671,0,CAB LP 609,CVBU
2672,0,CAB/COWL NEW SFC 1510,CVBU
2673,0,LP FACE CAB/COWL FOR 613 FAMILY.,CVBU
2674,20,COWL/CAB FOR 407 FAMILY,CVBU
2675,0,BODY F/SAFARI TO SUIT SIERRA CHASSIS,CVBU
2676,0,CAB/COWL FOR 807 FAMILY F/DENIS TPL ONLY,CVBU
2677,0,VAN BODY FOR LP 207,CVBU
2679,0,1616/1516TYPE N-SPLR CAB/CWL:CUMMINS ENG,CVBU
2680,1,1616/1516TYPE SLPR CAB/COWLS:CUMMINS ENG,CVBU
2696,0,LP-207 VAN (ALLOTED TO PE),CVBU
2700,0,2213-6x2 VEHICLE,CVBU
2701,0,TATAMOBILE WITH CREW CAB,CVBU
2705,0,LP 407 VEHICLE,CVBU
2706,0,SFC713 WITH 697NA ENGINE,CVBU
2707,0,LPT 713 S WITH 697 NA ENGINE,CVBU
2708,0,"LPT1918TC,6X2,EURO-II,SLEEPER TILT CAB",CVBU
2709,0,LP/LPT 509,CVBU
2710,0,2213A-6X2 VEHICLE,CVBU
2720,0,LP/LPT 509M,CVBU
2721,0,TATAMOBILE CREW CAB-4X4,CVBU
2738,0,LPTA 1621 TC FOR ARMY,CVBU
2740,0,CHASSIS AGGRTS.FOR EXPORTS,CVBU
2741,0,LP/LPO COWL(1210FACE)W/697 NA/TC ENGINE,CVBU
2742,0,CAB FOR LPT 1615TC CHASSIS,CVBU
2743,0,"FRONT END COWL FOR LPO 1316TC,RE BUS",CVBU
2745,0,Sleeper cab f/LPTA1621TC 6x6/4x4 Army vh,CVBU
2746,0,LP COWL(1210TYP) SUITABLE F:TELCO ENGINE,CVBU
2747,1,TILTCAB & LOAD BODY FOR HCV CHASSIS,CVBU
2749,0,SE/SK 1613 SFC COWL W/697ENG(1210TYPE),CVBU
2750,0,LPO1316 W/6BTAA CUMMINS TCIC DIESEL ENG.,CVBU
2751,0,LPT2516-6X2 W/6BTAA CUMMINS TCIC ENGINE,CVBU
2752,0,LPT2521-6X2 6BTAA CUMMINS TCIC DSL ENG.,CVBU
2753,0,LPS3521 W/6BTAA CUMMINS TCIC ENGINE,CVBU
2754,0,LPT 1615TC VEHICLE WITH 6BT CUMMINS ENG,CVBU
2755,0,LP 1312 WITH 4BTAA CUMMINS TCIC ENGINE,CVBU
2756,0,LPK1615TC/36TIPPER(SCOOP/BOX/COAL CARR.),CVBU
2757,0,LP/LPT 710 W:4BTAA CUMMINS TCIC ENG.,CVBU
2758,0,LP/LPT 712 W:4BTAA CUMMINS TCIC ENG,CVBU
2759,0,S1414 WITH 6 BT CUMMINS TC DIESEL ENGINE,CVBU
2760,0,LPT 1921 W/6BTAA CUMMINS TCIC DIESEL ENG,CVBU
2761,0,LPK 1921:6BTAA(210HP) CUM. TCIC ENG,CVBU
2762,0,LPO 1321 W/6BTAA CUMMINS TCIC DIESEL ENG,CVBU
2763,0,LP1312 WITH 6BT CUMMINS TC DIESEL ENGINE,CVBU
2764,0,LPTA1921-4X4 W/6BT AA CUMMINS TCIC D.E.,CVBU
2765,0,LPO 1521 RE BUS WITH 6BT AA TCIC ENGINE,CVBU
2766,0,LPO 1316TC RE BUS WITH 6BTAA TCIC ENGINE,CVBU
2767,0,LPS 4021 WITH 6BTAA CUMMINS TCIC ENGINE,CVBU
2768,0,LPS 3516TC WITH 6BT 5.9 CUMMINS TC D.E.,CVBU
2769,0,LPT 1612 WITH 6BT5.9 CUMM.TC DIESEL ENG.,CVBU
2770,0,LP 1512 TC,CVBU
2771,0,LPO 1615 TC SEMI LOW FLOOR BUS,CVBU
2772,0,SFC 710 WITH 4BTAA CUMMINS ENGINE-S CAM,CVBU
2773,0,SFC 509,CVBU
2774,0,SFC 712 WITH 4BTAA CUMMINS ENGINE,CVBU
2776,1,LPS 4421TC-6x4 WITH 6 BTAA CUMMINS TCIC,CVBU
2777,0,CNG 1515 CGL BUS,CVBU
2778,0,CNG1510 CGS BUS,CVBU
2780,0,PARTS RLZED BY ERC-P FOR JSR OWNED TPLs,CVBU
2781,0,LPS 2613TC,CVBU
2782,0,LPT 2515TC VEHICLE WITH 6 BT CUMMINS ENG,CVBU
2783,0,LPS 3015TC vehicle,CVBU
2784,0,LPO 1510 CGS RE BUS,CVBU
2800,0,LP1511TC,CVBU
2801,0,LP1211TC,CVBU
2802,0,"LPTA 1623 TC-6X6,EURO-II",CVBU
2803,0,LPO 1623 CGL RE SLF,CVBU
2804,0,Not allotted,CVBU
2805,0,LPO 1512TC(PNEUMATIC SUSPENSION),CVBU
2806,0,LP1510 WITH 697TC ENGINE,CVBU
2807,0,LPT 2516-6X2 WITH 697TC ENGINE,CVBU
2808,0,LPT 2515-6X2 WITH 697TC ENGINE.,CVBU
2809,0,LPT 1518TC,CVBU
2811,0,BODY SHELL WITH FITMENTS FOR PSA-T53 VEH,CVBU
2815,0,CAB FOR TRUCK OF FUTURE-B CATEGORY,CVBU
2816,26,CAB FOR TRUCK OF FUTURE-C CATEGORY,CVBU
2817,0,CAB FOR LPS 4930TC 6X4,CVBU
2818,0,SUPER ACE AND VENTURE,CVBU
2819,0,"LPS 4928TC-6X4, BS-III ENGINE",CVBU
2821,0,LPT909 TURBO WITH 497TC ENGINE(709 BASE),CVBU
2822,0,SFC909 TURBO WITH 497TC ENGINE(709 BASE),CVBU
2824,0,LPO 1616TC RE SEMI LOW FLOOR BUS,CVBU
2825,0,LPS4930TC-6X4 W/6CTAA8.3CUMMINS EURO-II,CVBU
2826,0,"207 TATAMOBILE(cont of 2654, Extn to 2898",CVBU
2829,0,TATA CUB (WITH 275 IDI ENGINE),CVBU
2830,0,TATAMOBILE CREW CAB 4X2(Cont.of 2701),CVBU
2831,0,1510 VEHICLES WITH 1312 AXLES,CVBU
2832,2,CAB FOR 207 TATAMOBILE(FACE LIFT VERSION,CVBU
2833,0,CREWCAB FOR 207TATAMOBILE(FACE LIFT VER),CVBU
2835,0,MINE PROTECTED VEHICLES FOR ARMY (OMC),CVBU
2838,0,LP 1510 TC with cummins engine,CVBU
2839,0,LPT 2518TC,CVBU
2840,0,LPTA 2035TC 6x6 BS-III FAT,CVBU
2841,0,LPS 3518TC / LPS 4018TC,CVBU
2845,44,WINGER,CVBU
2846,1,LPT 3118 CUMMINS ENGINE,CVBU
2847,0,LPS 2618 TC,CVBU
2848,0,"LPT 1616, 697TCIC-BSII-COWL & CAB",CVBU
2849,0,LPT 2518 WITH 697 TCIC ENGINE,CVBU
2867,0,LPA 713 4X4 BSII BULLETPROOF VEHICLE,CVBU
2875,0,LPT 1113 WITH TATA ENGINE(497TC),CVBU
2876,0,LPT 1113TC WITH CUMMINS ENGINE(4BT..),CVBU
2877,0,LPT 1118 WITH TATA ENGINE (697TC),CVBU
2878,0,LPT 1118TC WITH CUMMINS ENGINE (6BT..),CVBU
2879,0,LPT 2523TC WITH CUMMINS ENGINE(6BT AA..),CVBU
2880,0,LPS 4934TC WITH CUMMINS ENGINE(L-SERIES),CVBU
2881,0,LP1512 WITH 497TCIC (BS-III)Engine,CVBU
2882,0,LPT 1615 WITH 697 TCIC ( BS-III)Engine,CVBU
2883,0,LP 1615 with 697 TCIC (BS-III)engine,CVBU
2884,0,LPT 1618 TC,CVBU
2885,0,PRIMA 4028.S WITH CUMMINS ENGINE,CVBU
2890,0,CHASSIS AGGREGATES FOR MERCEDEZ BENZ CAR,CVBU
2891,0,SFC 513 BUS PROJECT FOR SOUTH AFRICA,CVBU
2892,0,LPO 1623 TC RE HIGH DECK BUS,CVBU
2894,7,XENON CREW CAB 4X2 (4-DOOR),CVBU
2896,0,XENON SINGLE CAB 4X2 (2-DOOR),CVBU
2897,0,XENON SPACE CAB 4X2 (2-DOOR),CVBU
2898,16,207 TATAMOBILE/TELCOLINE(CONT.OF 2826),CVBU
2899,0,LOAD BODIES FOR HCV ( LUCKNOW),CVBU
2910,3,LPO 1623 TC RE HIGH DECK BUS,CVBU
3502,0,STANDARD FITMENTS OF CAB,CVBU
3505,0,SEMI FORWARD CAB/COWL,CVBU
4101,0,LPO 1623 HIGHDECK BUS (MODULAR),CVBU
4102,0,LPO 1618 BUS-CHASSIS TYPE FE CUMMINS ENG,CVBU
4103,0,LPO 1625 RE CNG LOW FLOOR BUS,CVBU
4104,0,LPO2138-RE-HIGH DECK-HIGH END COACH(BUS)-3AXLES-WITH CURSOR9 FIAT DIESEL ENGINE,CVBU
4181,0,6BT CUMMINS DIESEL & CNG ENGINES FOR BUS,CVBU
4183,0,ISBe 285-C CUMMINS ENGINE,CVBU
5001,0,LPK1618-4x2TIPPER CUMMINS EURO-III-WORLD,CVBU
5002,0,LPT1618-4x2-CARGO-CUMMINS-EURO-III-WORLD,CVBU
5003,0,LPT2527-6x2-CARGO-CUMMINS-EURO-III-WORLD,CVBU
5004,0,LPK2535-6x4TIPPER CUMMINS EURO-III-WORLD,CVBU
5005,0,LPS4942-6x4TRACTOR CUMMINS EURO-IV-WORLD,CVBU
5006,0,LPK3134-8x4TIPPER CUMMINS EURO-III-WORLD,CVBU
5007,3,LPK / LPT / LPTK 2518 TC 6X4 / 6X2,CVBU
5008,0,LPS4034-4x2TRACTOR CUMMINS EURO-IIIWORLD,CVBU
5009,0,LPT 3127-8X4-CARGO-CUMMINS-EUROIII-WORLD,CVBU
5010,0,LPK 3142-8X4-TIPPER-CUMMINS-EUROIIIWORLD,CVBU
5011,1,LPS 4923 CUMMINS,CVBU
5012,0,LPT 1618 WITH 697 E-III ENGINE,CVBU
5013,0,LPT 3118 TCIC 697 ENGINE,CVBU
5014,0,LPK2528TC-6X4-CUMMINS ISBe270 ENG EURO-,CVBU
5015,0,LPT1318-TCIC-697-EURO-II,CVBU
5016,0,LPS4938-C TRACTOR CUMMINS ENGINE WORLDTRUCK,CVBU
5017,0,LPK3138 TIPPER CURSOR C-9 ENG.WORLDTRUCK,CVBU
5018,0,LPS4038 TRACTOR CURSOR C9 ENG.WORLDTRUCK,CVBU
5019,0,LPK2538 TIPPER CURSOR C9 ENG.WORLDTRUCK,CVBU
5020,0,PRIMA 4928.S WITH CUMMINS ENGINE,CVBU
5021,0,LPK2528-6X4-CUMMINS ISBe270 ENG EURO-3,CVBU
5022,0,LPK3128-8X4-CUMMINS ISBe270 ENG EURO-3,CVBU
5023,10,LPO 1625 HYBRID(DIESLE/CNG+ECECT. MOTOR)LOW FLOOR BUS,CVBU
5024,5,LPTA 2638-8x8-WITH ISLe375 ENGINE FOR MILITARY APPLICATION,CVBU
5025,0,LPT3121 TC BSIII(8X2) WITH CUMMINS ENG. ISBe210,CVBU
5026,0,LPT1613-697TCIC-BSIII-CNG,CVBU
5027,0,LPT 1613-WITH 697 TATA TCIC ENGINE BS-III-4X2,CVBU
5028,0,LPT1613C-WITH TC BS-III CUMMINS ENGINE,CVBU
5029,0,LPT 1618-C WITH TC BS-III CUMMINS ENGINE,CVBU
5030,0,LPT 2518-C WITH CUMMINS TC BS-III ENGINE,CVBU
5031,0,LPT2516 WITH 697 TCIC ENGINE,CVBU
5032,0,LPTA-2038(WORLD TRUCK PLATFORM)WITH CUMMINS EURO-III ONWARDS ENGINE,CVBU
5033,0,LPT 1613 WITH TATA ENGINE BS-IV,CVBU
5034,0,LPT1617 with 5L Engine BSIII TATA ENGINE,CVBU
5035,0,LPT 2513 WITH 697 ENGINE,CVBU
5036,0,LPTA 1628-C ON WORLD TRUCK PLATFORM,CVBU
5037,0,LPTA 1828-C ON WORLD TRUCK PLATFORM,CVBU
5038,0,FICV : FUTURISTIC INFANTRY COMBAT VEHICLE,CVBU
5039,0,LPT 3723 TC,CVBU
5040,4,LPS-4021-C WITH CUMMINS B5.9 ENGINE(ECONOMY WORLD TRUCK),CVBU
5041,0,LPS 4921-C WORLD TRUCK PRIMA ECONOMY PLATFORM M* LEVEL-WITH CUMMINS 6BT 5.9L MECH ENGINE,CVBU
5042,0,Prima Lx 2523.T  6x2 Cargo  ISBe5.9,CVBU
5043,0,PRIMA LX 3123.T CARGO WITH CUMMINS ISBE 5.9L,CVBU
5044,0,LPK 1621-C WORLD TRUCK PRIMA ECONOMY PLATFORM M* LEVEL-WITH CUMMINS 6BT 5.9L MECH ENGINE,CVBU
5045,0,LPTA 5256-C (WITH CUMMINS ISXe 560 HP ENGINE),CVBU
5046,0,LPT 3721-C WORLD TRUCK PRIMA ECONOMY PLATFORMM* LEVEL-WITH CUMMINS 6BT 5.9L MECH ENGINE,CVBU
5047,0,LPO 2630-C ARTICULATED LOW ENTRY RE BUS WITH CUMMINS ISLe 310 HP ENGINE,CVBU
5048,0,LPO 1620-C TC CNG BUS WITH ISB5.9G CUMMINS CNG ENGINE BSIV & ABOVE,CVBU
5049,0,PRIMA LPS-4044.S WITH ISN14 CUMMINS ENGINE,CVBU
5050,0,LPS4930 PRIMA WORLD TRUCK M0 WITH 8L ENGINE,CVBU
5051,0,LPTA 3152-C (VISTULA),CVBU
5052,0,LPTA 1638-C WITH CUMMINS 276kW ENGINE,CVBU
5053,4,"LPT2523-C B-LCCR (BS-III ,COMMON RAIL TURBO CHARGED)",CVBU
5054,0,LPT3718-C WITH CUMMINS 6B 5.9-180 HP ENGINE,CVBU
5055,0,WHEELED FICV : FUTURISTIC INFANTRY COMBAT VEHICLE,CVBU
5056,0,PRIMA 3518-C LCCR WITH CUMMINS ENGINE ISB5.9 BOSCH ELECTRONICS SYSTEM,CVBU
5059,0,PRIMA Lx 3523.S WITH CUMMINS ISBe 5.9 ENGINE,CVBU
5062,0,PRIMA 4032 WITH CUMMINS ENGINE,CVBU
5065,0,"BMP-2,IPP UPGRADATION PROJECT",CVBU
5067,0,SE-SK1613CR-BS_IV,CVBU
5068,0,LPK 2518 BS6,CVBU
5069,5,LPK 2523 BS6,CVBU
5076,0,LPK 1618 BS6,CVBU
5077,0,LPT 1613 LNG,CVBU
5079,8,LPT 3118 TC BS- VI,CVBU
5080,0,LPS 4018,CVBU
5082,0,LPK 2523 BS-IV,CVBU
5084,0,LPT 3718 TC BS- VI,CVBU
5086,0,LPK 1618 5L BSVI,CVBU
5091,1,LPT 2521 5L BS 4 E Series,CVBU
5095,0,LPK 1918 BS IV,CVBU
5102,0,LPT 1918 CRe BSIV,CVBU
5103,0,LPT 1918 5L TURBOTRONN BSIV,CVBU
5106,0,LPT 3618 BS-IV,CVBU
5109,0,LPT 4423 BSIV,CVBU
5110,0,LPK 1915 CRE,CVBU
5113,0,Prima Lx BS-IV,CVBU
5118,0,LPT 1010,CVBU
5119,1,LPT 1918 CUMMINS 5.6L BS- VI,CVBU
5120,2,TATA LPT 1918 5L BS VI,CVBU
5124,0,PRIMA Lx 4225.TK,CVBU
5128,0,Signa 2825.K BSVI SIGNA 2825.K BSVI,CVBU
5132,0,Signa 4825.TK BSVI,CVBU
5133,0,Prima 4125.TK BSVI,CVBU
5431,0,ACE ELECTRIC-TMETC,CVBU
5501,1,XENON SINGLE CAB 4X4 (2-DOOR),CVBU
5502,0,XENON CREW CAB 4X4 (4-DOOR),CVBU
5503,0,XENON SPACE CAB 4X4 (2-DOOR),CVBU
5504,0,PROJECT Y1 : 3.5 TON,CVBU
5505,0,PROJECT Y1 : 5.0/5.5TON,CVBU
5506,8,PROJECT Y1 : 7.5/8.0 TON,CVBU
5507,9,PROJECT Y1 : 9.6 TON,CVBU
5508,0,PROJECT Y1 : 6.0/6.5 TON,CVBU
5509,0,Y2(AVIA)8T,CVBU
5510,0,Y2(AVIA)9T,CVBU
5512,0,LIGHT SPECIAL VEH.4T-MILITARY 3L DICOR,CVBU
5513,0,LPT 809 EX2,CVBU
5515,0,LP913 E-III,CVBU
5516,0,BVW INT. PROJECT(BUS AND VAN FOR WORLD),CVBU
5517,1,ZIP AND IRIS,CVBU
5518,0,LOW & MED FLOOR BUSES(ROLLING CHASSIS),CVBU
5519,1,"TATA MINE PROTECTED VEH,GVW13T,CUMMINS",CVBU
5520,0,LPT813 WITH 697TCIC-EURO II ENG 130HP,CVBU
5522,0,LP-913 CNG LOW FLOOR FRAME BUS REAR ENGINE MODULAR DESIGN,CVBU
5523,0,ACE AND MAGIC,CVBU
5524,0,MEDIUM AMBULANCE FOR ARMY,CVBU
5525,0,MICRO BULLET PROOF VEHICLE (MBPV),CVBU
5526,0,LIGHT ARMOURED MULTIPURPOSE (LAMV 4X4) VEHICLE,CVBU
5527,0,LP/LPT 410,CVBU
5528,0,XENON SINGLE CAB 4X2 (2-DOOR)-CONT. OF 2896,CVBU
5529,5,ULTRA+ 13.5T ON Y1 PLATFORM,CVBU
5530,6,ULTRA+15.5 ON Y1 PLATFORM,CVBU
5531,0,BRAVO,CVBU
5532,0,SFC 407 : LOW COST(CONTINUATION OF PROJECT 2652),CVBU
5533,4,FESLF 650 FLOOR HEIGHT BUS 7.5-9.6T,CVBU
5536,0,L-VAN,CVBU
5537,15,ACE AND MAGIC,CVBU
5538,0,SUPER ACE & VENTURE FACELIFT (CONTINUATION OF 2818),CVBU
5541,1,XENON,CVBU
5547,0,Ultra 1014/814,CVBU
5550,7,Winger,CVBU
5727,0,ONE CYL 263.7 cc NA GASOLINE ENGINE,CVBU
5734,0,375 MPFI GASOLINE ENGINE,CVBU
5736,0,700 cc Dicor Engine for Ace Family,CVBU
5808,0,RA-1025,CVBU
5828,0,RA110-SRT SINGLE REDUCTION TANDEM LIVE REAR AXLE,CVBU
5830,0,GEAR BOX G-950,CVBU
5831,0,RA-110-2CR-TWO SPEED CENTRAL REDUCTION)REAR AXLE,CVBU
5839,0,TC1150 Transfer Case for Defence & Mining application,CVBU
5845,0,REAR AXLE RA 1045 for ILCV,CVBU
5855,2,MODULAR CAB FOR ARMY TRUCK,CVBU
5858,6,CABS FOR Y1 (LCV OF FUTURE),CVBU
7702,0,G950- 6 Speed Gear Box for 180/230/280  BHP Engines,CVBU
7703,0,Rear Axle for 0.75T ACE,CVBU
7704,0,HR210S (Ratio 3.48) Rear Axle,CVBU
,,,
,,,
,,,
,,,
,,,
,,,
,,,
